<application>
  <component name="com.intellij.ide.ui.customization.CustomActionsSchema">
    <group value="Git.Show.Stage" is_action="true" action_type="-1" position="3">
      <path value="root" />
      <path value="Main Toolbar" />
      <path value="MainToolBarSettings" />
      <path value="VCS Actions" />
      <option name="myInitialPosition" value="-1" />
    </group>
    <group value="ShowProjectStructureSettings" is_action="true" action_type="-1" position="2">
      <path value="root" />
      <path value="Main Toolbar" />
      <path value="MainToolBarSettings" />
      <option name="myInitialPosition" value="-1" />
    </group>
    <group value="CheckinProject" is_action="true" action_type="-1" position="2">
      <path value="root" />
      <path value="Main Toolbar" />
      <path value="MainToolBarSettings" />
      <path value="VCS Actions" />
      <option name="myInitialPosition" value="-1" />
    </group>
    <group value="ShowSettings" is_action="true" action_type="-1" position="1">
      <path value="root" />
      <path value="Main Toolbar" />
      <path value="MainToolBarSettings" />
      <option name="myInitialPosition" value="-1" />
    </group>
    <group value="Vcs.UpdateProject" is_action="true" action_type="-1" position="1">
      <path value="root" />
      <path value="Main Toolbar" />
      <path value="MainToolBarSettings" />
      <path value="VCS Actions" />
      <option name="myInitialPosition" value="-1" />
    </group>
    <group value="tasks.switch" is_action="true" action_type="-1" position="1">
      <path value="root" />
      <path value="Main Toolbar" />
      <path value="Tasks Toolbar" />
      <option name="myInitialPosition" value="-1" />
    </group>
    <group value="VcsToolbarLabelAction" is_action="true" action_type="-1" position="0">
      <path value="root" />
      <path value="Main Toolbar" />
      <path value="MainToolBarSettings" />
      <path value="VCS Actions" />
      <option name="myInitialPosition" value="-1" />
    </group>
    <group seperator="true" action_type="-1" position="0">
      <path value="root" />
      <path value="Main Toolbar" />
      <path value="Tasks Toolbar" />
      <option name="myInitialPosition" value="-1" />
    </group>
  </component>
</application>