<application>
  <component name="FileTypeManager" version="18">
    <extensionMap>
      <mapping pattern="test" type="AUTO_DETECTED" />
      <mapping ext="space.kts" type="Kotlin" />
      <mapping ext="gradle.kts" type="Kotlin" />
      <mapping ext="main.kts" type="Kotlin" />
      <mapping pattern="R1-bgpd-stdout" type="PLAIN_TEXT" />
      <mapping pattern="._default.1" type="PLAIN_TEXT" />
      <mapping pattern="ImageAuthRequest" type="PLAIN_TEXT" />
      <mapping pattern="R1-zebra-stdout" type="PLAIN_TEXT" />
      <mapping pattern="tools" type="PLAIN_TEXT" />
      <mapping pattern=".logs.txt.swp" type="PLAIN_TEXT" />
      <mapping ext="bin" type="PLAIN_TEXT" />
      <removed_mapping ext="apk" approved="true" type="ARCHIVE" />
      <removed_mapping ext="conf" approved="true" type="SmartyConfig" />
      <removed_mapping ext="psd" approved="true" type="Image" />
      <removed_mapping ext="rs" approved="true" type="Android RenderScript" />
      <removed_mapping pattern="routes" approved="true" type="Routes" />
    </extensionMap>
  </component>
</application>