<application>
  <component name="WebServers">
    <option name="servers">
      <webServer id="027357d8-02ca-4084-9bba-8d4b3ac07e41" name="coursevm" url="http://localhost">
        <fileTransfer rootFolder="/home/mininet" accessType="SFTP" host="192.168.1.165" port="22" sshConfigId="ebabd8e4-3945-4f61-b265-2ec2cb245939" sshConfig="mininet@192.168.1.165:22 password">
          <advancedOptions>
            <advancedOptions dataProtectionLevel="Private" passiveMode="true" shareSSLContext="true" />
          </advancedOptions>
        </fileTransfer>
      </webServer>
    </option>
  </component>
</application>